,schedule_mean,sampler_launch_mean,sampler_e2e_mean,prepare_inputs_launch_mean,prepare_inputs_e2e_mean,model_execution_launch_mean,model_execution_e2e_mean,process_model_outputs_mean,schedule_median,sampler_launch_median,sampler_e2e_median,prepare_inputs_launch_median,prepare_inputs_e2e_median,model_execution_launch_median,model_execution_e2e_median,process_model_outputs_median,model_name,batch_size,tensor_parallel_degree,ray_comm_time_mean
0,0.13882375787943602,0.7903150593241056,0.8194698796917995,0.36183286768694717,0.3914245559523503,0.43426038852582377,0.678530001702408,0.7018601366629204,0.13412257348126552,0.7827040829686267,0.8130191873792848,0.33588015517647485,0.3653129718556954,0.34403879367117474,0.5194416894544359,0.30697133912037383,microsoft/phi-2,8,1,0.17992950355013212
1,0.24228970691257593,0.8261813116925103,0.85334911258245,0.49219120826039997,0.5211789465072204,0.39568433195960767,0.7280507980256664,0.9245260105449327,0.24050822871257613,0.8211901687923834,0.8478932335068007,0.47473394468035474,0.5020775296572072,0.3495876890062582,0.5649598059183998,0.5504601583541882,microsoft/phi-2,16,1,0.22234283007529315
2,0.3364863553764047,0.8270241622183774,0.8545860371275528,0.6381220284950089,0.6667290738708264,0.3806381939432105,0.7381513714790344,1.1286625663775045,0.3392558079871081,0.8244815088563408,0.852995887262035,0.6293922206755027,0.6577037745562817,0.340615549342025,0.607137089182762,0.767205498602922,microsoft/phi-2,24,1,0.29281497857457883
3,0.4396450263683242,0.8702320470051332,0.8989310813973649,0.7841415101229542,0.812586745002655,0.3745726996449509,0.7824940475249531,1.351159555141372,0.4453028040573186,0.87022755302356,0.8967299365517066,0.7795795188894746,0.8081556757592292,0.34403879367117474,0.6603398591876849,1.001,microsoft/phi-2,32,1,0.3052372955764183
4,0.5469843970551607,0.9398417727601144,0.9678705640497708,0.968141864324289,0.9976268986300114,0.3738473695252211,0.8417592879625098,1.5790598361843056,0.5559923767721343,0.9370669745404243,0.9656049221893399,0.9540869055991824,0.9831431874917963,0.3461092322277037,0.7254228106581334,1.2373841204054425,microsoft/phi-2,40,1,0.3480127892426906
5,0.6350436116624999,0.9942341708396906,1.0224659458402818,1.1092111305802461,1.1386799707308712,0.39673848515188936,0.9087965067401028,1.8003258116593297,0.6498584924821468,1.001,1.0294240897138103,1.1018598583175088,1.1308839018714043,0.3495876890062582,0.7718225704980374,1.4784579668761635,microsoft/phi-2,48,1,0.3879521942178675
6,0.739105811192729,1.0651009018136852,1.0929323743557793,1.2975781674272027,1.325599180170517,0.3701795545545803,0.9552011501857605,2.0264956468566395,0.7565394545867864,1.073580714485702,1.1018598583175088,1.3112745331987539,1.3377640448307597,0.3474964421893278,0.844508433557472,1.7142911638952403,microsoft/phi-2,56,1,0.4313558168794917
7,0.8389046509286866,1.1791951823324414,1.2079062239833214,1.483588975540657,1.512367619978423,0.387882902731548,1.0321106125212194,2.20639639108175,0.8598472254562445,1.1912456904784723,1.2201814367474848,1.4933167214479137,1.5204398069247007,0.35239560815532,0.9130172266954232,1.8983777651717124,microsoft/phi-2,64,1,0.47485991825709994
8,0.8346379814135968,1.1791046568421861,1.2074120473771839,1.483732694057963,1.5120033464913991,0.3726713958397583,1.0170217781285544,2.207365003999454,0.8581292489818065,1.188865579208785,1.21531045782931,1.5023035583223343,1.5295898715599905,0.35239560815532,0.9130172266954232,1.905986486065466,microsoft/phi-2,64,1,0.48275701420840306
9,1.0498628154935608,1.3757340580105302,1.4041828171136868,1.9044164702834854,1.9333963787340256,0.38918767528361586,1.172997061178148,2.661252274630539,1.08004156409251,1.3702587697044193,1.3979398423554668,1.9289961132160778,1.9561919948396675,0.36824719786345367,1.0671585139263282,2.3750055832673604,microsoft/phi-2,80,1,0.5753998266884601
10,1.2731917270998094,1.461667242307328,1.4902577582858876,2.679596131785857,2.7092734669462892,0.3848573828371472,1.3350156450451018,3.1626335061762645,1.313899707439392,1.4843836441725837,1.5113444783231587,2.3988747942012836,2.4278347133817784,0.3660443291567078,1.2498200417288827,2.8950426821922735,microsoft/phi-2,96,1,0.6598798670248444
11,1.5017031011489197,1.5851148993929682,1.6138918489687422,3.1584364396752123,3.18765908447668,0.4014982935308044,1.53605053388116,3.571005732909827,1.5480555285283155,1.6080136480807765,1.6372199718286593,2.8892583811289523,2.9182959203362904,0.371948144970086,1.4549908689962683,3.290369593770964,microsoft/phi-2,112,1,0.7502627999316314
12,1.7087140370319063,1.9694353479490543,1.9981941268931056,3.3374324412946414,3.3668581895847667,0.3842792163292567,1.6790870390365595,4.076224814792325,1.7664991200173035,1.7454278043028746,1.7735792697166217,3.404165770742258,3.431508330434275,0.3675114392263639,1.6144585861042084,3.8381863422937177,microsoft/phi-2,128,1,0.8629715457595978
13,0.25806847649315995,3.002708855395516,3.042854523907105,1.0167285023878019,1.0644936895308394,1.1506469454616308,1.4073321168931823,1.1799799200768273,0.24684344571184408,1.0070240561041681,1.0692949674076622,0.9464846573585621,0.9950119800279639,1.1018598583175088,1.1583534406120801,0.5615801949281531,microsoft/phi-2,8,2,4.043285152874887
14,0.426157681765605,3.621728102467498,3.663715630845756,1.118315079686593,1.168884289431937,1.037009440514506,1.4109821914106,1.6784053866048247,0.4356131165154961,0.9851114421214094,1.0692949674076622,0.9989999999999999,1.0544291365326606,1.1218729196402328,1.188865579208785,1.0822038094660686,microsoft/phi-2,16,2,4.933146664834752
15,0.5914331791368691,3.9979168339758306,4.041002471805425,1.4064172660378185,1.4566421521374502,1.0380783508456237,1.3880408369004726,1.9997580203454237,0.6144666259625539,1.0996583401190723,1.188865579208785,1.3191658332546543,1.4119893760513889,1.1241189114713444,1.1912456904784723,1.4376353143770668,microsoft/phi-2,24,2,5.287251844247048
16,0.7842435322777189,4.283130498170251,4.327108434429674,1.7447852661287544,1.798649967619867,1.0673035585293265,1.3899006739710316,2.3223369316470746,0.8081556757592292,1.272520501273423,1.3404422511267173,1.794990438167494,1.8607873544510989,1.1218729196402328,1.2275245350813824,1.8645126544600101,microsoft/phi-2,32,2,5.711415133467226
17,1.0859774005028509,4.713691403007796,4.752489817028325,2.2929608221015623,2.353025934538774,1.1675889010451013,1.4926768884423278,2.7814652440288374,1.3191658332546543,1.563613750457644,1.7315200822950374,2.4278347133817784,2.486807610250181,1.1354164981388284,1.3647886802745508,2.4571442451893977,microsoft/phi-2,40,2,6.107648864628807
18,1.2117084490772863,4.608987496178222,4.64315203037238,2.605451220934023,2.666074570093379,1.1265714709090706,1.4846662978247909,3.1897304454605853,1.1912456904784723,1.443397373991745,1.554260153688123,2.5986701108275883,2.656474388163431,1.1422494778455083,1.2498200417288827,2.7047238859840874,microsoft/phi-2,48,2,5.941825096914232
19,1.343510515088665,4.653124818471314,4.687930890840703,2.613068606447557,2.673134424498883,1.1402697987511925,1.4979381371161034,3.4499077190612923,1.3730020305046284,1.624174459331529,1.687080759920909,2.6458697105706404,2.7210010172882364,1.1491235786841678,1.262380946181339,3.0617904921586314,microsoft/phi-2,56,2,6.036876537569467
20,1.5108858717221711,4.631612812585417,4.661610385112876,2.9447846928957717,3.008935993640267,1.0678458996304316,1.531015711850557,3.919948332348661,1.5730236375285789,2.5421236413942827,2.5934779627540068,2.9713008780636057,3.0373938766663113,1.1422494778455083,1.287882741504336,3.536013352755416,microsoft/phi-2,64,2,5.922718930652543
21,1.5288978515557907,4.646669148968242,4.675825479810112,2.931616514752708,2.9853946580808963,1.050206912147939,1.4948667069176333,3.9231456423075355,1.5952008541358285,1.6938425998786681,1.7315200822950374,3.0679202028536436,3.129896322912432,1.1263693997825983,1.2674405841824286,3.4452618570557285,microsoft/phi-2,64,2,5.944399422867663
22,1.7145009464528187,4.421894229110705,4.452247301632741,3.5988143233799312,3.6533074378668067,1.150784372580219,1.6324945620773548,3.8487698665883645,1.9837712966123267,1.8870215973671998,1.9212955376149912,3.7173086961066284,3.769717037712412,1.1817537402154101,1.5295898715599905,3.4246521699339074,microsoft/phi-2,80,2,5.417650816101865
23,2.2392890581169653,4.643589445081443,4.673346529798862,3.7028723112914874,3.750396470374188,0.9959842589213497,1.6766655551624736,5.1118950281653515,2.432695243338499,4.830741738879134,4.859813326551216,3.2837954287484448,3.330091899303502,0.8789734882626069,1.5698807331578923,5.048039952189776,microsoft/phi-2,96,2,5.875128836847567
24,2.5286131423703235,4.493002100636846,4.521095135214506,3.725049231350849,3.774085817298182,1.03044509754268,1.8585186723865206,5.706824319581248,2.748347541309338,4.763582543446756,4.801844058547309,3.5930446188766747,3.636420905970153,1.1468276274780056,1.7108660067246204,5.806628363564537,microsoft/phi-2,112,2,5.833364624188503
25,2.6815444193687057,4.518557202192327,4.547010367283397,4.093094178029618,4.141548153638541,1.0072146238931887,1.962533068929549,6.843281025183679,2.9124651592566972,2.6831724085631996,2.7264484667722964,3.822864256418379,3.869014993493735,1.1331479337069825,1.8312516625620425,6.732860804094767,microsoft/phi-2,128,2,5.968324594983929
26,0.2153912791982293,5.004248077360292,5.039199905392404,0.8877090294845402,1.0104343624940764,1.034034425780798,1.5600697273233284,1.0983972266937296,0.1742958593996865,4.850103409814849,4.869542682560328,0.8842631841740659,0.9559969894942758,0.747515231751134,1.1770361651223098,0.48919175060943004,microsoft/phi-2,8,4,5.465307166256632
27,0.3572877268401944,5.051892740195807,5.08655316424461,1.0269995522210185,1.1055458631670596,0.9453221585373489,1.3313838423286775,1.5530303044586766,0.2990929446170268,4.821089907233021,4.850103409814849,0.9579108973811512,1.0460273525850758,0.7550278872449546,1.1817537402154101,0.9598286369154478,microsoft/phi-2,16,4,5.061674050568621
28,0.6423881655005185,5.898127146694507,5.939691305487744,1.5925208477907487,1.6763862033651487,1.0735088411869633,1.5931259179991242,2.0293056889361627,0.6763797296942432,7.2790485622339025,7.308223076336531,1.6503702670326814,1.7280605017110313,0.9989999999999999,1.4608224898824047,1.4963063445138756,microsoft/phi-2,24,4,5.06391386954567
29,0.790769507111323,6.148259106063933,6.1873558537112645,1.8826669923998791,1.9947232401017287,1.144330565243809,1.5771772895911427,2.2358684095017836,0.8311038170484454,7.591279662390397,7.60647741947226,1.9289961132160778,2.015766930523791,1.1629961351208513,1.4148161816090492,1.8021847814123104,microsoft/phi-2,32,4,5.1760436717721845
30,0.8524578109744095,5.988458432482496,6.025727678676166,1.7648687766444298,1.860260997237938,0.998491038297934,1.3351685052076656,2.347279955903369,0.726875108577369,7.23550501761045,7.2790485622339025,1.6736379522860654,1.752423499915616,0.9890597806185508,1.2201814367474848,1.7280605017110313,microsoft/phi-2,40,4,5.219593815009801
31,1.227145545784659,6.344509756367579,6.374609881649481,2.4786799967964024,2.5779594504743213,1.1518092766629169,1.5120177714141623,3.34948950740915,1.198414652389852,7.996469989602652,8.02851993740672,2.4818389636762546,2.5728129026177378,1.1514241263892413,1.2573415063157845,2.798265729602692,microsoft/phi-2,48,4,5.273052061526668
32,1.2768093100481335,6.059320276902839,6.0903015800741045,2.520390387474634,2.6350900231079124,1.0629362204572421,1.43278605336773,3.3185321131143075,1.400738520718541,7.35220424100549,7.381671963947672,2.61430900647579,2.7101387486186908,1.1308839018714043,1.2473228987883653,2.781526397858511,microsoft/phi-2,56,4,5.458918834993637
33,1.3725280471557948,6.16392017992672,6.19697140239591,2.7121743000107794,2.8231596894768165,1.0995456443434983,1.546856514342017,3.4506146014485526,1.4873553831999564,7.249990513141203,7.264505008663007,2.699319842255848,2.8038678631954896,1.1514241263892413,1.3350911895963327,3.0556730286378344,microsoft/phi-2,64,4,5.495080884649002
34,1.4881224993934583,6.112811139237192,6.142224145388633,2.8546140178214365,2.953404506865009,1.109208679996693,1.53785328914285,3.631762495666892,1.6176907354257384,7.2790485622339025,7.308223076336531,2.8777244270465556,2.953526443497399,1.1422494778455083,1.3757507833184515,3.3367587499527573,microsoft/phi-2,64,4,5.412165745952397
35,1.72957830340508,5.856108989185059,5.884484298168177,3.2736163765910162,3.3942554604232194,1.1071561476642109,1.5568582380347582,3.9471279657688965,1.8533590690324175,6.773379416707578,6.786939735860144,3.2706864780438107,3.363559890509009,1.1354164981388284,1.4063526975408829,3.404165770742258,microsoft/phi-2,80,4,5.377111344946077
36,2.1221846198806396,5.834353174297855,5.8610864944544225,3.8241692982227806,3.923255617708516,1.146224951901065,1.6155655139178835,4.60711611827281,2.3513738750292785,6.599541183735776,6.612753478397911,4.002823400834266,4.100053286500994,1.1468276274780056,1.4963063445138756,3.9157228757852773,microsoft/phi-2,96,4,5.407194679378716
37,2.680251494925309,5.896638781312629,5.924877740661573,3.8012776651918716,3.895109260513482,1.1758617709863153,1.7167488713468555,6.059796394604154,2.8263887771524017,6.62599222410041,6.652549280552659,3.5787011416990007,3.6583050254066505,1.1699950901327383,1.5793283351692768,5.85326771468095,microsoft/phi-2,112,4,5.714401926306266
38,2.868190617825752,5.785345052016483,5.813898058272058,4.1935728334198545,4.284512434262119,1.1466980052827145,1.7106988033125723,6.311743795628984,3.129896322912432,6.190402492891106,6.202795691075073,4.075526612209306,4.174522482587759,1.1723374226455165,1.5698807331578923,6.007448390019206,microsoft/phi-2,128,4,5.9450930136169555
39,0.19808936243255934,5.755897601678346,5.79037846182473,0.829322962090373,0.9392739254205177,1.428558617287005,2.104442202835344,1.105574774555862,0.1803238151950351,5.048039952189776,5.088586254284325,0.7749160446348289,0.8719697503269105,0.7400773284532551,1.2275245350813824,0.42358512297224105,microsoft/phi-2,8,8,4.755584324205604
40,0.3760850855282375,6.537501151407404,6.57392518205226,1.0322048138751059,1.1460972042298134,1.2182752383226643,2.021713058787341,1.4992613649489928,0.3365525879195709,7.264505008663007,7.308223076336531,1.0151125621346255,1.1422494778455083,0.7858411703381528,1.5265337479404901,0.7795795188894746,microsoft/phi-2,16,8,5.368665383406439
41,0.5759300311674943,6.850931752548629,6.887250584613129,1.5688365721773054,1.7161051273924877,1.148361398058163,1.8506229499581497,1.9261468378071849,0.607137089182762,7.6522534901315895,7.667573316938661,1.5793283351692768,1.7280605017110313,1.1491235786841678,1.4204867818653981,1.3512088015045334,microsoft/phi-2,24,8,5.532445038379346
42,0.7768526880277528,7.091695886114707,7.126408317502626,1.9164481752956606,2.091861783874908,1.1664866234618003,1.9674324912649364,2.2917602662787293,0.82283419315433,7.996469989602652,8.02851993740672,1.8794885845364053,2.0238461486028263,1.188865579208785,1.5265337479404901,1.8349178320566613,microsoft/phi-2,32,8,4.949067966222312
43,0.9595516077693431,7.120961863209583,7.155343219863191,2.2138688298347855,2.3364776270388954,1.2010856786923063,2.092019589092102,2.8867515164517585,0.9910398802794488,7.853821173087354,7.885299382720762,2.166254756264647,2.2682299576780154,1.1468276274780056,1.7177231782373727,2.332637921522763,microsoft/phi-2,40,8,5.085827085197032
44,1.0615416658704713,7.133663511653775,7.1651213185161655,2.509476377116204,2.6644935586095957,1.1845623227398867,2.048771460415583,2.7088398963913023,1.1817537402154101,7.9327534145685865,7.948634802785942,2.466992508849211,2.61430900647579,1.1560390481233447,1.6470728239417067,2.0647305665774707,microsoft/phi-2,48,8,4.824317094007344
45,1.2084654125588379,6.8471463063956595,6.876805461354382,2.5493466989779523,2.668424871423678,1.2270705011705387,2.1913110535463383,3.07177864122151,1.2128822651063744,7.500728668829085,7.530791679462657,2.661792655206801,2.7926747890840047,1.1912456904784723,1.883251324445387,2.5831247676464013,microsoft/phi-2,56,8,5.037768819535302
46,1.2600306496398532,6.6922077097129735,6.719738308190551,2.835845138325389,2.973389048386721,1.2546070885315688,2.2751107717157533,3.1159266820130638,1.3112745331987539,7.177851878292304,7.19222195212272,2.924138354611238,3.0373938766663113,1.1864902234061703,1.9251419751277339,2.3797603491998274,microsoft/phi-2,64,8,4.78429847687071
47,1.4461693190150524,6.438027749694509,6.46496334946223,2.844091594317488,2.954583574114508,1.2790739171244392,2.330108464990354,3.551176557289296,1.5856583021138762,6.84145303437481,6.868873660343622,2.977249428370039,3.0617904921586314,1.1864902234061703,2.015766930523791,3.3434389476503608,microsoft/phi-2,64,8,5.222732859930426
48,1.7048212284424218,6.0460615779710825,6.071921534757747,3.406597810505654,3.55534383841981,1.2068494684044198,2.5395734631175917,3.680665895013685,1.8385913412299477,6.391699006972676,6.4173170133954045,3.4868540673608095,3.600237901396948,1.1560390481233447,2.2956126941242516,2.8490905810763882,microsoft/phi-2,80,8,5.014035639906654
49,2.1506168234806795,6.153511892253515,6.180794315060669,3.5419490458568355,3.726065051383697,1.3043701638589087,2.8008839394274263,4.79741839311992,2.3513738750292785,6.22765657073782,6.252617093104983,3.356839491127373,3.5715508896676345,1.2275245350813824,2.516829080142804,4.241852065053311,microsoft/phi-2,96,8,6.139677237909299
50,2.6028877108179054,6.241904665385093,6.269599538547304,4.176976120854624,4.364954060834851,1.318069076816682,3.1619787884657313,5.888367963042164,2.8950426821922735,6.265134845043132,6.29024558078405,3.6219042701345794,3.807603336493475,1.2275245350813824,3.019224071275285,5.864985968363993,microsoft/phi-2,112,8,5.846953489163885
51,2.7029044146563175,6.253541736364047,6.281126800277982,4.544819418088834,4.764568075224907,1.2438534394275387,2.5912783491450893,6.23476230317638,2.871974727891617,6.202795691075073,6.22765657073782,4.174522482587759,4.388554900259019,1.184119613569195,2.2682299576780154,6.092144182901027,microsoft/phi-2,128,8,5.9387348402632325
52,0.24327822029590607,3.418529115151614,3.457730538987865,0.9912123593191305,1.0448779600361984,1.0254524337748687,1.75404727148513,1.3728515477851033,0.24832895896450582,1.452083794332939,1.5083248090357997,0.9540869055991824,1.0090401202805528,0.8294432699614355,1.2776207787331588,1.001,internlm/internlm-20b,8,2,7.7488169966576
53,0.40745193837210536,4.417066151897113,4.461969016119838,1.2630424365246047,1.3220425074299176,1.0546524135861546,1.9312153939002503,2.20031407661736,0.43300726232790815,1.76296965124604,1.8130303980289995,1.1864902234061703,1.2573415063157845,1.0439373878446458,1.3324236747320042,1.8945848026039367,internlm/internlm-20b,16,2,5.0000400030209375
54,0.6196505887663528,4.722660401045052,4.7664151603534615,1.471236067479604,1.53108839940739,1.0838738629875118,1.8716374003928002,2.784035704417588,0.6268796793879171,1.9367275528167036,1.9997051226201907,1.5824901536581044,1.6306841700806425,1.0692949674076622,1.5265337479404901,2.656474388163431,internlm/internlm-20b,24,2,5.283993362665993
55,0.6928724841665976,4.870687611401081,4.9122628400620725,1.5621269841860865,1.6134380238111485,0.9997378045827457,1.881383316226534,3.5263820330506745,0.8017162203719557,2.2546613200279193,2.34667582532892,1.4933167214479137,1.5511547387956395,1.0692949674076622,1.4176486464370954,3.3367587499527573,internlm/internlm-20b,32,2,5.212456463192849
56,0.9582978138913874,4.942209864432206,4.972515833854187,2.013667059115699,2.0715404057600457,1.1924499393914079,2.155390419218628,4.503738264873868,1.0030040040040038,2.089656598766446,2.1361384854316605,2.1233600239793136,2.1792913598487225,1.1018598583175088,1.6176907354257384,4.353586509461949,internlm/internlm-20b,40,2,5.5429929310120025
57,1.132629996752494,5.125642371402211,5.15666767980342,2.2836395424522764,2.3387123620112056,1.0130962337788245,2.104505009898176,5.093397330237578,1.1793925938813135,2.201193609477602,2.2682299576780154,2.323326002985665,2.3750055832673604,0.9598286369154478,1.5793283351692768,4.997811098765265,internlm/internlm-20b,48,2,5.462361706982125
58,1.310440624535781,5.048470503558018,5.079316018879065,2.3750879022984477,2.4251544668355534,1.0022127957284799,2.241909269744541,5.787426344396775,1.3840301039019316,2.9713008780636057,3.0434747452882664,2.5067818682931438,2.5370444732796087,1.0502198427833225,1.7177231782373727,5.85326771468095,internlm/internlm-20b,56,2,5.386831562922538
59,1.5216402184122648,5.272180119004005,5.302443830535198,2.419137517706706,2.4663317662018995,0.9146065236284182,2.2897109986306767,6.2766718081174755,1.60159443832717,4.801844058547309,4.869542682560328,2.4036773463418264,2.4375655040859234,0.6577037745562817,1.794990438167494,6.494788744105482,internlm/internlm-20b,64,2,5.239138031044067
60,1.5277215064718173,5.095082822327431,5.123971151904418,2.715937294161473,2.772622092221028,0.9857107144899857,2.3137412129495387,6.107547592658263,1.5761728340001075,4.7731192452354385,4.792249964524238,2.8263887771524017,2.883485637110713,1.0439373878446458,1.8385913412299477,6.302838665029864,internlm/internlm-20b,64,2,5.301474493283492
61,0.9483569445683784,4.278787603774636,4.312693456322262,1.9796080820108812,2.0266344319529757,0.9112601830940885,1.954684232736064,3.9686492173788475,0.4882143445143063,3.8458703990350456,3.8922988730028996,1.5730236375285789,1.627426059850711,1.0356192030718705,1.752423499915616,4.166181778326844,internlm/internlm-20b,80,2,4.3992012988814375
62,1.3051850064211103,4.916007430388349,4.944745900925913,2.849813616094626,2.902824770538009,1.0177866828449273,2.2934398140235204,5.538760898124478,1.1286243935759568,4.821089907233021,4.850103409814849,2.8038678631954896,2.854794466123588,1.077883638889528,1.9758520578226955,4.4238041602549165,internlm/internlm-20b,96,2,5.1014136829196595
63,1.085273153605122,4.043117882318649,4.073926879951329,2.642135057306173,2.6852030818368875,0.8492437688925979,2.0153995101139244,4.299065634133477,1.3297614895677048,4.735086611969632,4.763582543446756,2.501773313111739,2.5370444732796087,0.735650157800279,1.8385913412299477,4.697357026065271,internlm/internlm-20b,112,2,4.118211191677141
64,1.3000621204502856,4.816027138455303,4.845363112188774,3.504002676981123,3.5559798013927484,0.9874766569349394,2.3951667918006767,5.216946443161409,1.1606724665192114,4.763582543446756,4.782675039520193,3.5858657085492496,3.636420905970153,1.075730025225413,2.036025731765052,4.310267585537856,internlm/internlm-20b,128,2,4.9818973358936685
65,0.2646564971655607,5.517914784528936,5.558693791196371,0.996992748696357,1.0741955678289135,1.1237292007232706,1.7454531819870074,1.6049236292019486,0.25385273666706837,5.457550516080607,5.479424444127094,0.9502781792382339,0.9970039960039958,1.0273672983257707,1.2750680898645612,1.0376925147897322,internlm/internlm-20b,8,4,5.026224525257324
66,0.4354831374560793,5.976218293653801,6.015046499669552,1.3106355084649597,1.3901594405372937,1.0209896233088027,1.6240869445027784,2.1744738526952765,0.4417545922132812,7.23550501761045,7.2790485622339025,1.2523221839545662,1.3271046234546822,1.0418515988579433,1.2776207787331588,1.8422722047759539,internlm/internlm-20b,16,4,5.012484834878705
67,0.5220509300084963,5.720359400833306,5.758659091255028,1.2385305431862808,1.304233028897888,0.9602871595894638,1.5806812722848294,2.4602717834792727,0.5091560514690819,6.855149637046233,6.896404188510802,1.1817537402154101,1.2250719386076931,0.744531141987746,1.1912456904784723,1.9289961132160778,internlm/internlm-20b,24,4,4.9212318398568735
68,0.7025461989579741,6.246214535701828,6.285377511677822,1.4531205182645432,1.537067686044371,0.9144731057980626,1.6065524103715247,3.072209118567791,0.8033212578501778,7.591279662390397,7.636964272369089,1.4318962569734235,1.532652113545096,0.9221932054484151,1.2373841204054425,2.7373761049881793,internlm/internlm-20b,32,4,4.835500643521394
69,0.8638099477183624,6.176636161160518,6.211308794874759,1.8699161086200935,1.9704851734100794,1.0403951927714172,1.6527967928282794,3.725823755452379,0.8913656640546096,7.23550501761045,7.264505008663007,1.8645126544600101,1.9328579672965904,0.9277429992631044,1.2548293354739948,3.4659955740591792,internlm/internlm-20b,40,4,4.824208336134181
70,1.1902329932949314,6.356179570677142,6.385095009248551,2.405849041429999,2.5113828572738046,1.1696154554693463,1.7984920031429357,4.6205905597810055,1.2104589239173507,7.545868339481602,7.576112270457551,2.4133113140285993,2.4967747650335936,1.0692949674076622,1.4318962569734235,4.397340795955234,internlm/internlm-20b,48,4,4.784397809600381
71,1.304680258253513,6.490085456433178,6.519810103250352,2.363158128502076,2.4755702814228875,1.1097174096983253,1.8406995702861695,5.508784765693528,1.3840301039019316,7.7137170650346265,7.7446337357194635,2.3750055832673604,2.4719314327908513,1.0714356980731432,1.5023035583223343,5.70304407386125,internlm/internlm-20b,56,4,4.997247471937049
72,1.4892427680584102,6.143998632876155,6.172762345522642,2.3168094348735533,2.43114652709128,1.0405316077268276,1.8260110897991138,5.922279540353861,1.5856583021138762,6.882625159163127,6.9102108035028165,2.127610994998291,2.2233159804485134,1.0692949674076622,1.5234837304620876,5.806628363564537,internlm/internlm-20b,64,4,5.048351565328164
73,1.5266996163588304,6.329182900774938,6.3570380210876465,2.2525133553128214,2.362307568247884,1.110467748143352,1.9066307669839797,6.356641502143481,1.5824901536581044,7.177851878292304,7.206620794869713,1.9522835193255024,2.0564881374119213,1.0692949674076622,1.554260153688123,6.5338746299988,internlm/internlm-20b,64,4,5.232119752476231
74,1.7748627979613718,6.060309501051842,6.090051690154693,2.654270631581789,2.778910900099722,1.1335463963494805,2.0950850505824583,7.431997993930441,1.9957097077897805,6.5863552872647775,6.612753478397911,2.5067818682931438,2.651166747028239,1.0952684908469894,1.6702940203134657,6.800527202798804,internlm/internlm-20b,80,4,5.352335924771232
75,2.0501778330717477,6.495455313321369,6.525968439851605,3.1367595380636204,3.2365993674488505,1.1528075280132046,2.1498185135869137,8.942626477076129,2.3513738750292785,7.092232371684557,7.120658124250674,2.5574222382369314,2.651166747028239,1.1151618332777034,1.76296965124604,8.42328765878727,internlm/internlm-20b,96,4,5.603312244543444
76,1.8855637396898186,6.646095080660624,6.676995994016659,2.9846369921997713,3.1058262619707317,1.0727792311111215,2.216058883309495,10.948434970423317,1.627426059850711,7.470785670094238,7.500728668829085,2.9299924854513,3.0556730286378344,1.0843703836591938,1.8459604374181477,10.794106524393577,internlm/internlm-20b,112,4,5.709541909810569
77,2.20837571022227,6.446484992009066,6.476423427429231,3.8342598070631095,3.9851946215552596,1.1092624686601218,2.4094818853070517,11.641934209162622,1.8533590690324175,6.882625159163127,6.896404188510802,3.528948391011649,3.6876888540052732,1.0996583401190723,2.0198024999542694,11.66975344703424,internlm/internlm-20b,128,4,5.747519461485698
78,0.2586822568749388,6.628737833428507,6.668004944610099,1.0791519501556952,1.2164686728889744,1.2970063786876078,2.0353252572628358,1.5521363044778507,0.24932426441596126,7.455859025398745,7.485742197962293,1.0502198427833225,1.259858706528629,0.7053926955125635,1.4376353143770668,1.0544291365326606,internlm/internlm-20b,8,8,5.529129353817552
79,0.3729480861996611,6.859639676501199,6.896892620716244,1.0858924288186245,1.2298728834139183,1.0576411780978863,2.03694154091257,2.1566746290773153,0.35664983115870835,7.667573316938661,7.7137170650346265,1.0030040040040038,1.1399672611065563,0.744531141987746,1.5604896470601262,1.7559318552708023,internlm/internlm-20b,16,8,4.996499311043105
80,0.532949407112925,7.090495883372345,7.126040841223136,1.3169158084241495,1.4395664114351958,1.055222124256806,2.202137253783031,4.762576727120027,0.46907117999773323,7.9327534145685865,7.948634802785942,1.222624242426659,1.3566244626171156,0.9185117991206834,1.7454278043028746,2.166254756264647,internlm/internlm-20b,24,8,4.836955978471326
81,0.6144236888467651,7.025600035348427,7.0611432713178015,1.4196205884218216,1.5505862880747803,1.0753935490994109,2.4510998562093556,2.9544884089342096,0.5604581565766483,7.729159942041703,7.760138507963147,1.3350911895963327,1.4843836441725837,0.8495907174577653,1.9917222758061846,2.356081330234542,internlm/internlm-20b,32,8,4.487766974279177
82,0.9158599480498032,6.81739225678268,6.846106107361981,1.9965958008618996,2.130190683452443,1.29856271325748,2.926699886838982,3.7460520359702776,1.001,7.2790485622339025,7.308223076336531,2.0117394241690985,2.102232231722904,1.1062761258696154,2.356081330234542,3.3035574346399446,internlm/internlm-20b,40,8,4.625187458691843
83,1.0352598771146715,6.797517340451683,6.826411195941372,2.070420902471173,2.2538780156612295,1.102621813004913,3.0651500987603444,4.231420887812768,1.1084908928883734,7.22104846412871,7.249990513141203,1.940604885254775,2.1064409048594865,1.0822038094660686,2.5523125034952,3.5148607867437427,internlm/internlm-20b,48,8,5.0007711820087515
84,1.2445641376557406,6.374224835914173,6.402161934314982,2.294170139874849,2.4355582822092443,1.2558749625023606,3.337711494753671,5.055069809027931,1.3730020305046284,6.62599222410041,6.652549280552659,2.3513738750292785,2.466992508849211,1.1241189114713444,2.9008385634379037,4.576799739249973,internlm/internlm-20b,56,8,5.374689344779659
85,1.3878567765156429,6.343520337190384,6.370000148980091,2.76945566591353,2.923709132039967,1.188508834904776,2.893924004493807,5.087485073659664,1.563613750457644,6.560062478027002,6.573195736241272,2.9124651592566972,3.0252685639104704,1.1084908928883734,2.3797603491998274,4.100053286500994,internlm/internlm-20b,64,8,4.99280868874242
86,1.4627297910360189,6.465552943066145,6.492914180629528,2.486289323021013,2.6355797418942437,1.1463672842066257,2.711334815607048,5.775520950555801,1.6048008335990964,6.612753478397911,6.639257473798307,2.486807610250181,2.640583257602467,1.0952684908469894,2.34667582532892,5.370924534811798,internlm/internlm-20b,64,8,5.458305200609641
87,1.6675216000771425,6.299736579406823,6.327560525502032,2.7665136569011652,2.9927319708684856,1.2217846362217955,3.12446942028101,6.721353467523318,1.7771299789653037,6.22765657073782,6.252617093104983,2.577963679199555,2.8263887771524017,1.1218729196402328,2.7373761049881793,6.165690331953579,internlm/internlm-20b,80,8,5.603852728572598
88,1.9124136862596148,6.775348808826186,6.804721537220956,3.0522366171963387,3.2832987718570203,1.2038507667265248,3.0047864090562273,8.222574507976555,1.9212955376149912,6.746340004903766,6.773379416707578,2.8377169773331725,3.001162958349363,1.1399672611065563,2.8433980924029085,7.948634802785942,internlm/internlm-20b,96,8,5.862993671743155
89,2.0284313049537745,6.825109619690835,6.853534399234957,3.4370426325486942,3.6425627397008413,1.2264841522787266,3.036560653436559,10.360610333668907,1.627426059850711,6.979659599930388,6.993632892422741,3.0802164638908716,3.2511211074615987,1.1560390481233447,3.0802164638908716,10.77253987799119,internlm/internlm-20b,112,8,5.641852371389188
90,2.225718408575296,6.5892001493688666,6.61790351171399,3.8470383120171934,4.098622179875994,1.150505785780299,2.7868101049376572,10.886713224070151,1.9758520578226955,6.5863552872647775,6.612753478397911,3.521897545075562,3.7924033383437985,1.0908961659058087,1.9997051226201907,11.167416580085268,internlm/internlm-20b,128,8,5.385006578755863
91,0.23348970959583917,6.435032895145317,6.473385631882896,0.9862811178512251,1.0874630485583718,1.373426789844719,2.420972795031654,0.6298929220065475,0.24684344571184408,7.177851878292304,7.22104846412871,0.9445935791220815,1.0714356980731432,0.7520138068708034,1.6372199718286593,0.47189406821467106,Qwen/Qwen-72B,8,8,5.381415374965097
92,0.4158975401272376,6.77244043617975,6.8098452635846725,1.3817283155124944,1.5214241817981626,1.4132520009297878,2.8809596260543913,0.9572277582871417,0.4356131165154961,7.500728668829085,7.530791679462657,1.443397373991745,1.5573717856274387,0.8146468534200841,1.9917222758061846,0.7385986524723295,Qwen/Qwen-72B,16,8,5.330892878797992
93,0.5013471753853891,7.025132799753919,7.06105058230201,1.4914215037909646,1.6294190508132387,1.0022431201327384,3.165758253696064,1.280210511241522,0.4453028040573186,7.791241236349044,7.82246862484404,1.42333059924651,1.5730236375285789,0.7341803273151636,2.4229838947736235,0.9851114421214094,Qwen/Qwen-72B,24,8,4.963310765257726
94,0.5899995448999107,6.980832407862181,7.015496762808955,1.3494498452928383,1.4748421078062772,0.9264983321675876,3.526769928915504,1.3376360681528847,0.4766366840350462,7.591279662390397,7.621705602494227,1.2904610853311713,1.4035428020413006,0.7053926955125635,2.9299924854513,1.0650263290833186,Qwen/Qwen-72B,32,8,4.473110691227096
95,0.7320243399590254,6.884193616375948,6.916774536754626,1.6261237275709088,1.7445550940465182,1.032502365220959,3.2721892561918744,1.570562389679253,0.7011730096495689,7.23550501761045,7.264505008663007,1.541875672306502,1.6209293555166808,0.7811402386470111,2.5421236413942827,1.2930445910075101,Qwen/Qwen-72B,40,8,4.847209517417165
96,0.919890719362431,6.939249839989417,6.9696562245048375,2.0161625288892537,2.1461380585808203,1.1251180177269917,3.3286356321898185,1.972227247380134,0.8461991411321617,7.22104846412871,7.249990513141203,1.917456785292084,2.0771561937233787,1.0544291365326606,2.6038726535920076,1.6972336761547013,Qwen/Qwen-72B,48,8,4.942218869271326
97,1.0510807734958472,7.060346842211272,7.089187138176168,2.43921775212844,2.5837680566058094,1.1298744620511396,3.5803715491922397,2.1606848819092628,0.8049295086166446,7.2790485622339025,7.308223076336531,2.526916561338285,2.667121569431439,1.077883638889528,2.9713008780636057,1.752423499915616,Qwen/Qwen-72B,56,8,4.344545249339371
98,1.1334662995068356,6.932387590495637,6.959810264864548,2.7962540328492955,2.9271417491448424,1.072565952805841,3.483214491401062,2.27393321498918,0.8860334808390791,7.120658124250674,7.1349136960709965,2.9008385634379037,3.013191655548461,1.0502198427833225,2.9951666287622514,1.917456785292084,Qwen/Qwen-72B,64,8,4.471445139036708
99,1.1343071188700076,6.846478333803437,6.874856186792992,2.8127836709851786,2.969828881759895,1.0810245421453146,3.4544415217775772,2.199512872418078,0.9148450890111297,6.9240450593656835,6.951796715163086,2.8490905810763882,2.977249428370039,1.0607747312143214,3.086383063418181,1.8719856435831073,Qwen/Qwen-72B,64,8,4.094937442763087
100,1.4297277433797717,6.514920738603299,6.541667736989136,3.0874021947965957,3.234834370960016,1.1088080544141121,3.2952651405745805,2.6773436460644007,1.1770361651223098,6.546955460088887,6.573195736241272,2.924138354611238,3.074062185241739,1.0822038094660686,2.360798209774551,2.2546613200279193,Qwen/Qwen-72B,80,8,4.649523707727591
101,1.867416913026116,6.151970903980934,6.177945525754088,4.124955694957559,4.307862363930326,1.1255115686152648,3.263392095201804,3.4046254521753223,1.748922154261439,6.128806938497908,6.153371270351273,3.6074455848832288,3.7848261088965587,1.0908961659058087,2.2773210506034856,2.9182959203362904,Qwen/Qwen-72B,96,8,4.891776883192102
102,1.1192558546705793,6.0767026533583355,6.105284919786278,2.772722553172138,2.905144230767508,0.9719673060837002,2.546803011466095,1.927944013871075,0.2523341799666505,6.031526315352022,6.055700745298896,1.8607873544510989,2.0238461486028263,1.0544291365326606,2.218873790677387,1.1399672611065563,Qwen/Qwen-72B,112,8,5.276386438622251
103,1.420686761667202,6.442430294300248,6.469453443537237,3.867372099080353,4.035056551144301,1.0554179264982413,3.3560565807372815,2.5715003975413064,1.1723374226455165,6.62599222410041,6.639257473798307,3.2059225252080576,3.3234383690351623,1.0714356980731432,2.6831724085631996,2.6458697105706404,Qwen/Qwen-72B,128,8,4.835230397520127
104,0.14336399423579374,0.7843630931650599,0.8128133680050572,0.36850222386419773,0.39813384258498746,0.500927174774309,1.3839035527780652,0.7932267617434263,0.13820721533135677,0.7641428050582931,0.7921531159234969,0.3412974623537207,0.3704633235179314,0.3100564534021066,0.9540869055991824,0.33993499879388905,meta-llama/Llama-2-7b-hf,8,1,0.18620945047587156
105,0.24465203750878572,0.7938296184875071,0.8220250019803643,0.5014403723180294,0.5303228778454164,0.35512067067126435,1.3600172630200784,1.0447596626666684,0.23954811698130016,0.7905703924151583,0.8179119677974047,0.4766366840350462,0.5040898624290469,0.31317257360823153,1.0335500338349635,0.5880162608257326,meta-llama/Llama-2-7b-hf,16,1,0.22240433221062025
106,0.3414725604122632,0.7499910584867817,0.7786168525480244,0.6552296116539876,0.6845536169736353,0.34704607949681476,1.4657388530569533,1.2721716081851149,0.340615549342025,0.7371229308889683,0.7656726204838353,0.6382656840334778,0.6656437671736114,0.3137995457275673,1.1629961351208513,0.8277860406508232,meta-llama/Llama-2-7b-hf,24,1,1.7747256190401235
107,0.4514600966394562,0.8233050460514334,0.850673332887212,0.8533535256367368,0.8825905160191133,0.3463656823966921,1.5615577492670916,2.4579839550496376,0.44977817314040464,0.8195494291943966,0.8461991411321617,0.8311038170484454,0.8598472254562445,0.3188607215817742,1.2548293354739948,1.0628984043498855,meta-llama/Llama-2-7b-hf,32,1,0.3065524776418184
108,0.5484792312271283,0.8659670740121701,0.8925498066256281,0.9831128351878925,1.0117442713531315,0.3355154080591241,1.710971748670105,2.5004637503965954,0.5504601583541882,0.8615686413230238,0.8878073216415597,0.9483795215374583,0.9753094162456712,0.3125468541804428,1.4148161816090492,1.3086546040614937,meta-llama/Llama-2-7b-hf,40,1,0.3558914100781816
109,0.6464934550633986,0.9152576620754314,0.9420686210059139,1.1428471731200611,1.1718550390780789,0.3399154400988801,1.8136302800211188,2.7925166531070453,0.6459710143283202,0.9039325504868199,0.9296003426049725,1.1354164981388284,1.1629961351208513,0.3175878257599865,1.5113444783231587,1.5952008541358285,meta-llama/Llama-2-7b-hf,48,1,0.3985935337331197
110,0.7374814836776744,1.572049239225555,1.6001166764929977,1.2920876224225724,1.3200026114433132,0.3316826704475615,1.9060895663865827,2.230721988786034,0.7430435672784798,0.9333261919482296,0.9598286369154478,1.2930445910075101,1.3191658332546543,0.3119223849413211,1.6144585861042084,1.8202970456497094,meta-llama/Llama-2-7b-hf,56,1,0.4337823170928927
111,0.8495008095334737,1.043845493441973,1.0712237980885384,2.0530714199711113,2.0813378815849624,0.44304362665384245,2.1015985319629693,2.480883815158636,0.8564147050277968,1.0439373878446458,1.0714356980731432,1.5265337479404901,1.554260153688123,0.3259533931390539,1.7384600355908557,2.060605230780113,meta-llama/Llama-2-7b-hf,64,1,0.4825210628601221
112,0.8667473323070086,1.0451999086982164,1.0725816377462485,2.0270080568316655,2.0554488238233786,0.3838503637757057,2.0630161445110273,2.460196265616478,0.8719697503269105,1.0460273525850758,1.073580714485702,1.5083248090357997,1.5357204861447855,0.33054883521064926,1.7384600355908557,2.036025731765052,meta-llama/Llama-2-7b-hf,64,1,0.5028872917859982
113,1.0623040219738347,1.1212898677856218,1.1493797551413052,1.8970406438666778,1.9259663054444751,0.35469224829165663,2.2559745931906288,2.9455622177204637,1.073580714485702,1.1241189114713444,1.1514241263892413,1.8945848026039367,1.9212955376149912,0.3372263668743648,1.9640324358606267,2.5218677769999465,meta-llama/Llama-2-7b-hf,80,1,0.5868234572413027
114,1.2979962109705694,1.1985128421221984,1.226740841572602,2.832347775075216,2.862009575825706,0.36185192510027936,2.486992109274498,3.4768841079986137,1.298227129265518,1.1960202175199421,1.222624242426659,2.4084895132013697,2.4375655040859234,0.3292292802991845,2.201193609477602,3.074062185241739,meta-llama/Llama-2-7b-hf,96,1,0.6759165891099708
115,0.9033258757827913,1.1503538089420866,1.1782669051385977,1.8914146663840203,1.9200556500650503,0.3400664310902357,2.118465996018666,2.376868329284822,0.4552080269930455,0.8081556757592292,0.8394565520722623,1.532652113545096,1.563613750457644,0.328571479539346,1.9719043014634094,3.0925620084900887,meta-llama/Llama-2-7b-hf,112,1,0.4937566173098543
116,1.09428538679695,1.245806523134858,1.273541260515453,2.5194297746186374,2.548593082125376,0.34846623384044356,2.45382553550788,2.8196038039122135,0.7053926955125635,0.9296003426049725,0.9636756416255251,2.4181427681107395,2.447335295916136,0.331873678914055,2.1361384854316605,2.8950426821922735,meta-llama/Llama-2-7b-hf,128,1,0.5798686031018421
117,0.1737838222955664,2.7537678445999823,2.7833611820824444,0.8015228668227792,0.8456521900370717,0.8307355456054211,1.3690110645256937,1.0334389517083764,0.16414565545029647,0.9445935791220815,0.9811788654388656,0.7937390080474679,0.8344348911337356,0.7011730096495689,1.0110602206214547,0.40779087428901234,meta-llama/Llama-2-7b-hf,8,2,4.088186852944394
118,0.4393643466755748,3.7968555989209563,3.839419805444777,1.135229996483152,1.1911816933813195,0.9967750035381565,1.6209293971769512,1.6928862896747887,0.4408719656554126,1.1354164981388284,1.1864902234061703,0.9753094162456712,1.0335500338349635,1.073580714485702,1.2056267573869086,1.165324455711684,meta-llama/Llama-2-7b-hf,16,2,5.4279277683235705
119,0.6188100637638405,4.203146387350886,4.248875052961584,1.361879035320184,1.4293086332307285,1.0062383283695129,1.5914641410010317,2.277572690317892,0.6181645095079459,1.0397699772818036,1.0822038094660686,1.3008261825773606,1.3324236747320042,1.0671585139263282,1.2056267573869086,1.6636261865675377,meta-llama/Llama-2-7b-hf,24,2,5.84564189592453
120,0.8339255318506477,4.251610084446435,4.296859827123044,1.8300517202959847,1.8998738378286362,1.0289043456930476,1.635631757605936,2.6736768999511433,0.8277860406508232,3.98684408184822,4.034974431408211,1.917456785292084,1.9758520578226955,1.0544291365326606,1.280178578089982,2.110658003768114,meta-llama/Llama-2-7b-hf,32,2,5.627510632321085
121,1.2056369059642806,4.5693325275769,4.603870171045915,2.6003815287143968,2.6637273993282045,1.2033105728628695,1.7510595975718537,3.266111252921038,1.3324236747320042,1.2573415063157845,1.3566244626171156,2.7870950192756454,2.8433980924029085,1.0843703836591938,1.3458147597760142,2.8490905810763882,meta-llama/Llama-2-7b-hf,40,2,6.2546260143462264
122,1.2561657580814949,4.48454980904313,4.518711499308479,2.5970650237206727,2.656223781866162,1.1541607107150635,1.8052291220742953,3.362989946179194,1.222624242426659,1.2776207787331588,1.3539139242302682,2.619542858340607,2.6778114247299065,1.1151618332777034,1.36752098994477,2.953526443497399,meta-llama/Llama-2-7b-hf,48,2,6.180811128004977
123,1.4221734089548128,4.4496694541596185,4.480318577513534,2.801358792386208,2.8555232633929153,1.0907745849319368,1.8068428739513223,3.7829218192668685,1.395146755757354,1.8645126544600101,1.9021783212581422,2.764887201431816,2.8207416467285205,1.0930801422139287,1.395146755757354,3.290369593770964,meta-llama/Llama-2-7b-hf,56,2,6.0596304499048586
124,1.51274267775126,4.5767975971102715,4.610333410211099,2.945667794213081,2.9972192091055407,0.9679744999187115,1.7529878789224687,3.4938386426522183,1.6144585861042084,3.3702937441436616,3.4659955740591792,3.0071712926003125,3.049567787821376,1.0502198427833225,1.4204867818653981,2.8433980924029085,meta-llama/Llama-2-7b-hf,64,2,5.960229824846372
125,1.4725355049356437,4.247816047893885,4.280998916007006,2.7556741705689674,2.815449096931097,0.9516360381474862,1.7891573743560376,3.6255856355031333,1.6080136480807765,1.660302258122847,1.707447693024871,2.798265729602692,2.8490905810763882,1.0356192030718705,1.443397373991745,3.225215889001734,meta-llama/Llama-2-7b-hf,64,2,5.635069551853797
126,1.8787980843030039,4.274782163594834,4.3030167399279655,3.217038143136096,3.2684859728104754,0.9914382597523146,2.0576583786455336,4.836386168894709,1.9483828529532232,1.5113444783231587,1.5480555285283155,3.238142593039112,3.290369593770964,1.077883638889528,1.7384600355908557,4.641325584103023,meta-llama/Llama-2-7b-hf,80,2,5.890863502901964
127,2.2610476679159106,3.959138186349702,3.986176341746651,4.186597257000696,4.238141021999584,0.9423966198498479,2.132338959621997,5.036012288627974,2.4229838947736235,1.8021847814123104,1.8422722047759539,3.6876888540052732,3.7322077140278798,1.0460273525850758,1.8239412839793383,4.558529099842427,meta-llama/Llama-2-7b-hf,96,2,5.629086679438886
128,2.476118055678773,4.078187105621685,4.10728068744535,4.051101276901556,4.100412326423745,0.9343883346722662,2.3910757998407584,6.535035530813256,2.7319068220611302,2.6724611521530237,2.715564451819129,3.629155329734448,3.6583050254066505,0.8097736050400285,2.127610994998291,6.494788744105482,meta-llama/Llama-2-7b-hf,112,2,5.845146026320712
129,2.9285957017327515,3.8730310897826388,3.899969492831727,5.00339694687968,5.056563930352555,0.9192251933790991,2.5007074527309068,6.12573928492682,3.174023052514867,1.8275928180813992,1.8945848026039367,4.531259805843462,4.585962501490713,1.0544291365326606,2.2546613200279193,5.254054440846848,meta-llama/Llama-2-7b-hf,128,2,5.5834577440300865
130,0.1967639739935597,4.535314559082811,4.56689855006213,0.8089734668222567,0.8743688037308553,0.9072711206196497,1.3998555368743837,1.1131066906576355,0.1736000682401979,4.908655278843117,4.92832922818322,0.7641428050582931,0.8049295086166446,0.6132389204161751,0.8344348911337356,0.4261342743665225,meta-llama/Llama-2-7b-hf,8,4,3.963004778294514
131,0.4500892828218639,5.931080149215025,5.975250431220047,1.3359183406767745,1.4411768594679113,1.0240782042577241,1.6150061807517584,1.598451907436053,0.4321421129526276,6.75984619109977,6.786939735860144,1.3458147597760142,1.443397373991745,1.0356192030718705,1.4347629161465432,1.0865412953381914,meta-llama/Llama-2-7b-hf,16,4,5.377945611447406
132,0.6645349530528669,6.103132286887258,6.14495282635501,1.6455629151569653,1.7333164594250998,1.1350534256700784,1.5858050072182939,2.1969153201335097,0.634447554499554,7.636964272369089,7.6522534901315895,1.640497689489978,1.7108660067246204,1.0439373878446458,1.2080404245688643,1.660302258122847,meta-llama/Llama-2-7b-hf,24,4,5.1632326587473285
133,0.6935582352206879,5.853251722094017,5.890980876559756,1.4325503941586952,1.5187923455630075,0.9475181301690868,1.4465972205105515,2.118502465105548,0.6777338432672046,7.22104846412871,7.249990513141203,1.3702587697044193,1.463747059431719,0.8842631841740659,1.1723374226455165,1.5667441083164182,meta-llama/Llama-2-7b-hf,32,4,5.05295021161821
134,1.0338935573570063,6.101621708023499,6.135768430750267,2.0803355508804566,2.208381011456129,1.0953918423839524,1.6603150737059653,2.822230936440288,1.0171448195162764,7.68292381406967,7.698305042926664,2.0441861473628924,2.166254756264647,1.0671585139263282,1.3593404275072398,2.365524532516843,meta-llama/Llama-2-7b-hf,40,4,5.484782439870302
135,1.1378604765624216,6.341438061136701,6.374589722501497,2.381809011152754,2.499526339481036,1.0886683498751628,1.600358513987636,3.144077012596065,1.1817537402154101,7.980493026586462,8.012478938530785,2.3419871623412503,2.4571442451893977,1.073580714485702,1.21531045782931,2.8777244270465556,meta-llama/Llama-2-7b-hf,48,4,5.195529150700018
136,1.356706818380551,5.966669896192718,5.995548621626102,2.6437616076494694,2.7504399424277204,1.1515368554980783,1.697568796106685,3.8238179962537444,1.3979398423554668,7.426095146818188,7.455859025398745,2.7101387486186908,2.7926747890840047,1.0822038094660686,1.3647886802745508,3.4521592781909747,meta-llama/Llama-2-7b-hf,56,4,5.097237648442388
137,1.5522171480533404,5.964496691162005,5.99259582754129,2.9058692702211633,3.004677228343028,1.0965743424514165,1.6512911014545422,4.236913262269436,1.60159443832717,7.120658124250674,7.1349136960709965,2.9713008780636057,3.0556730286378344,1.0822038094660686,1.490333071654811,3.8381863422937177,meta-llama/Llama-2-7b-hf,64,4,5.4073894026283265
138,1.4664757614716506,5.9938396231677284,6.023544341755601,3.022884287369939,3.1310480828277574,1.1083414384092276,1.6154769234932387,3.697989594477874,1.5920136396420506,7.2790485622339025,7.308223076336531,2.9713008780636057,3.0434747452882664,1.0843703836591938,1.324453065765462,3.5644149238541125,meta-llama/Llama-2-7b-hf,64,4,5.018287907856015
139,1.8475312075470802,5.708636150153384,5.737477417302425,2.9130896284306025,3.0083277846732344,1.0198379569060978,1.6546507678987061,4.512171039632598,1.9679644327292167,6.896404188510802,6.937907011436486,2.8151057992825095,2.906646048049391,1.0628984043498855,1.4063526975408829,4.075526612209306,meta-llama/Llama-2-7b-hf,80,4,5.840756394137003
140,2.1807155683128094,5.586266463603379,5.61428016747758,3.9348354175330837,4.02514749038138,1.1182004322040406,1.843722926535399,5.014745445457945,2.34667582532892,6.202795691075073,6.22765657073782,3.9314171401228295,4.002823400834266,1.0692949674076622,1.5023035583223343,4.208052615328896,meta-llama/Llama-2-7b-hf,96,4,5.578349332512697
141,2.7017013349553993,5.5884008387060105,5.615304058760796,4.3507667730851045,4.443236484399272,1.0839806412134254,1.9518303098048122,5.815119379096561,2.8263887771524017,6.468861469605334,6.481812143218157,3.9392878451080606,4.010837061296397,1.075730025225413,1.6702940203134657,5.254054440846848,meta-llama/Llama-2-7b-hf,112,4,5.709830542879277
142,2.8065603269297448,5.761964463978968,5.79085889929796,4.172562261271621,4.282409973714091,1.0838498780622965,2.0541414086137664,7.3441664743072845,3.1049570341804045,6.29024558078405,6.31545696065555,3.869014993493735,3.9709285524950624,1.075730025225413,1.7771299789653037,7.0498063685996755,meta-llama/Llama-2-7b-hf,128,4,6.076827819775933
143,0.2592377131804824,6.301787381138031,6.33886407498115,0.972451331714789,1.1136709702744458,1.3286673735516767,2.040089680425202,1.380068405220906,0.2543609503540895,6.855149637046233,6.896404188510802,0.9753094162456712,1.110710093875137,0.7874144259344256,1.2699780027693803,0.675028321642906,meta-llama/Llama-2-7b-hf,8,8,5.467038853870084
144,0.4204923946720858,6.636871638571999,6.679075854966261,1.1183506988648635,1.2349845928838477,1.0215765699589003,1.808967521355953,1.5064182225614786,0.44798265328307757,7.515745142640555,7.545868339481602,1.0650263290833186,1.1770361651223098,0.7312494706500897,1.2750680898645612,0.9427062792636958,meta-llama/Llama-2-7b-hf,16,8,5.282593604836923
145,0.5573829865618928,6.847506872225195,6.884725767583268,1.4601760314241663,1.6172229701474512,1.1266684988896325,2.047681820591631,1.9667341233524558,0.6059240280655137,7.760138507963147,7.791241236349044,1.4843836441725837,1.6372199718286593,0.7718225704980374,1.541875672306502,1.5143701929944762,meta-llama/Llama-2-7b-hf,24,8,4.981906883648201
146,0.6844578310847282,6.929706256433399,6.965805469176819,1.5483156276252312,1.6605174408975951,1.054702908731997,2.04661461529466,2.241868813781394,0.586841403161745,7.853821173087354,7.885299382720762,1.4035428020413006,1.5295898715599905,1.0439373878446458,1.60159443832717,1.5698807331578923,meta-llama/Llama-2-7b-hf,32,8,5.237560994087805
147,0.8925977315692628,6.8781942541359875,6.91287449396933,1.9185237317407107,2.0328173442499438,1.031638548678917,2.4616461453318106,2.5581434124805886,0.9240394380919555,7.60647741947226,7.636964272369089,1.7040362091227232,1.809407959671299,1.0523223850111167,2.052379270004505,2.0647305665774707,meta-llama/Llama-2-7b-hf,40,8,5.195821528552008
148,0.9981620329598041,6.990585539151902,7.022029219501435,2.3316177085029244,2.4576571033246917,1.0448806346649278,2.5330008117622405,3.4508857850546706,1.0212215481749303,7.729159942041703,7.760138507963147,2.3750055832673604,2.486807610250181,1.0628984043498855,2.060605230780113,2.201193609477602,meta-llama/Llama-2-7b-hf,48,8,4.6671644779725945
149,1.1602168281873066,6.582130984354176,6.611367032661685,2.6198951704482063,2.7544710748387793,1.104499309389084,2.755709169486984,3.4863743386421984,1.0376925147897322,7.163510515898116,7.19222195212272,2.7101387486186908,2.8490905810763882,1.077883638889528,2.4424455151051148,2.309427778702519,meta-llama/Llama-2-7b-hf,56,8,4.890298850055545
150,1.5161790288029573,6.113254431730661,6.140597619546147,2.601111761461466,2.7582081810881696,1.1453661225879421,3.015707107857825,3.963634104300768,1.5856583021138762,6.481812143218157,6.507791324173759,2.6090856118574575,2.759362951279105,1.0908961659058087,2.6831724085631996,3.5644149238541125,meta-llama/Llama-2-7b-hf,64,8,6.068088088590556
151,1.450781409557049,6.21312221703239,6.239618848149593,2.9394823299625363,3.0627562921159925,1.1259977562496295,2.966458415493178,3.5011962390480895,1.5856583021138762,6.652549280552659,6.665867697530743,2.977249428370039,3.0679202028536436,1.0865412953381914,2.640583257602467,2.7264484667722964,meta-llama/Llama-2-7b-hf,64,8,5.679575752657958
152,2.052108135043842,6.501147353670514,6.529607642613748,2.9361133485627895,3.0847911028283055,1.1756526841591188,2.686436431669462,4.870578848955328,2.036025731765052,6.882625159163127,6.9102108035028165,2.656474388163431,2.8151057992825095,1.1018598583175088,2.332637921522763,4.604343094301705,meta-llama/Llama-2-7b-hf,80,8,6.1071874682608325
153,2.1875508180453918,5.838634802263751,5.86533491140543,4.394808973252468,4.6557753752923405,1.1746926891137512,2.77669082432286,4.552310113334208,2.3845246341832107,6.165690331953579,6.190402492891106,4.233376836152106,4.432660625040211,1.1151618332777034,2.4424455151051148,3.6219042701345794,meta-llama/Llama-2-7b-hf,96,8,5.429358617323149
154,2.4224222005938576,5.632736281034324,5.659470935447457,4.65708436942741,4.868480983824736,1.139340678853533,3.0721619055328664,5.283921262608809,2.624787188387335,5.760360638893143,5.783448233550435,4.216477145089314,4.432660625040211,1.1084908928883734,2.7870950192756454,4.432660625040211,meta-llama/Llama-2-7b-hf,112,8,5.525391291532862
155,2.91173227007508,6.051753912909466,6.078789042799598,4.321226383895254,4.538886785290449,1.1291511739720888,3.1740004932174406,6.58489305459325,3.117401739282625,6.0678242703145076,6.092144182901027,3.9000912631390414,4.116486349339613,1.0887165531867162,2.8605097703600717,5.995445496133053,meta-llama/Llama-2-7b-hf,128,8,6.233386829962282
156,0.2570236489797632,2.9666274591969946,3.004519055442264,0.971227806682388,1.0226007240513961,1.0786341736093163,2.705773377480606,1.4629537472501397,0.24832895896450582,1.198414652389852,1.2373841204054425,0.8394565520722623,0.8719697503269105,0.7610923378229978,1.940604885254775,0.7096377756057084,codellama/CodeLlama-34b-Instruct-hf,8,2,3.9451836491934955
157,0.42577633090938133,3.6915251306102923,3.7338890154690794,1.1706991839067389,1.2206830142531544,0.9723224502522498,2.7677174269532165,1.8185597145929933,0.43735905912082623,1.1376896042412084,1.2177435117989384,0.9753094162456712,1.0171448195162764,0.9166766107108517,1.9640324358606267,1.1583534406120801,codellama/CodeLlama-34b-Instruct-hf,16,2,4.768894383839021
158,0.6774389314361744,4.3676153355692,4.412153910379857,1.5078665003077023,1.5611807207783892,1.3493074155930016,3.206692532532745,2.2035798497704997,0.6306522651613395,1.2776207787331588,1.3620618297645117,1.5793283351692768,1.633948803053777,1.0314849988023262,2.2546613200279193,1.5856583021138762,codellama/CodeLlama-34b-Instruct-hf,24,2,5.4642130465557175
159,0.7184189550268153,4.3395555500561995,4.3840022990480065,1.6617307943912845,1.7109160592857127,0.9612189508819332,2.7351813866213583,2.483031431135411,0.8081556757592292,4.641325584103023,4.716184089469276,1.5667441083164182,1.6080136480807765,1.0523223850111167,2.015766930523791,2.052379270004505,codellama/CodeLlama-34b-Instruct-hf,32,2,5.230138776823878
160,0.9380899835377932,4.3762105361868935,4.413758078590035,1.8648889924709995,1.9126927363686264,0.990862853359431,3.0105028417892754,2.87170031418403,1.0070240561041681,1.4696137752343355,1.5480555285283155,1.8057927589526754,1.8607873544510989,0.7595716738113635,2.2546613200279193,2.060605230780113,codellama/CodeLlama-34b-Instruct-hf,40,2,5.503130176415046
161,1.1924959318194952,4.545647893489028,4.577401058567274,2.4777695814716734,2.5318178619878986,1.0885168416684285,3.1409214781079857,3.548092467503415,1.2104589239173507,1.5023035583223343,1.5761728340001075,2.5421236413942827,2.5986701108275883,1.0822038094660686,2.309427778702519,3.0617904921586314,codellama/CodeLlama-34b-Instruct-hf,48,2,5.641885894066136
162,1.3813273260547292,4.362902759263913,4.3904152615661065,2.751572869740249,2.8050150888572847,1.0696167259344034,3.279556437129421,4.126311302007664,1.3868009349407744,3.754668282121499,3.7924033383437985,2.7373761049881793,2.7926747890840047,1.0887165531867162,2.3797603491998274,3.528948391011649,codellama/CodeLlama-34b-Instruct-hf,56,2,5.551053978879715
163,1.3975040443862479,4.391239570395555,4.421962704024433,2.957335370107709,3.012566342173765,1.0192543219697352,3.2412012054313286,3.946710639866069,1.5480555285283155,1.940604885254775,2.0117394241690985,2.953526443497399,2.9891822798536354,1.0650263290833186,2.4181427681107395,3.521897545075562,codellama/CodeLlama-34b-Instruct-hf,64,2,5.451348086353391
164,1.4898928444987785,4.2295285990500515,4.257525479867279,2.840703379964301,2.890452609184043,0.9749002395741021,3.299369231778352,4.321117439152052,1.5573717856274387,4.948082030948682,4.9778597769651265,2.781526397858511,2.8377169773331725,1.0523223850111167,2.432695243338499,3.8152261659959645,codellama/CodeLlama-34b-Instruct-hf,64,2,5.431212593975943
165,1.989725432300716,4.3515829404205455,4.37976988380257,2.901576235272083,2.9485028360765506,0.934102531924411,3.239274641336618,5.164424645331885,2.0771561937233787,2.854794466123588,2.8950426821922735,2.753849738589236,2.7926747890840047,1.0628984043498855,2.4229838947736235,4.908655278843117,codellama/CodeLlama-34b-Instruct-hf,80,2,5.786705872283561
166,2.2563003615885457,4.318867992145689,4.347438358453628,3.5535918684051113,3.603098714227907,0.9520632524210895,3.393319167944387,5.691980076212578,2.3845246341832107,4.7731192452354385,4.792249964524238,3.4868540673608095,3.528948391011649,0.9930239441038321,2.640583257602467,5.170658488718315,codellama/CodeLlama-34b-Instruct-hf,96,2,5.6870364274662055
167,1.3300680720079885,3.6101512130720743,3.641974865244411,2.603097247958936,2.6514420914083145,0.9088354070365074,2.714641216483637,3.3854040141490027,1.282741498166238,4.182879884955302,4.241852065053311,1.6144585861042084,1.76296965124604,1.058655301181925,2.4036773463418264,3.6729675559067476,codellama/CodeLlama-34b-Instruct-hf,112,2,4.751563695623341
168,1.7348755266995746,4.358403635937261,4.391086314975172,3.858671272378874,3.911020398507168,1.019219573751459,3.0717424663018082,4.300741487256361,1.222624242426659,4.744566264846449,4.7731192452354385,3.5715508896676345,3.6219042701345794,1.0887165531867162,2.511800450612049,3.822864256418379,codellama/CodeLlama-34b-Instruct-hf,128,2,5.564448824720083
169,0.27306750416755676,4.970210196916014,5.008279491448775,0.917877866110454,0.9883216892679533,1.0538426674126338,2.081534514824549,1.3101480047528942,0.25132685889624573,4.821089907233021,4.859813326551216,0.8344348911337356,0.9221932054484151,0.7096377756057084,1.5053111730537103,0.7225269141045048,codellama/CodeLlama-34b-Instruct-hf,8,4,5.09718600854588
170,0.4346687928773463,5.84811707570528,5.888141575269401,1.1442925412363063,1.2344285156965877,1.106686254691643,2.209677200880833,1.9269263721071184,0.4417545922132812,6.937907011436486,6.979659599930388,1.1699950901327383,1.2398613658917395,1.0692949674076622,1.7177231782373727,1.222624242426659,codellama/CodeLlama-34b-Instruct-hf,16,4,5.318962289796521
171,0.6979008256975148,6.31788818928827,6.358131750150481,1.8607378943771538,1.9588689546152536,1.1292735936068412,2.178927683012767,2.5301059294078083,0.7985157596124476,7.9327534145685865,7.964547985574301,1.8533590690324175,1.940604885254775,1.0565401057749682,1.6636261865675377,2.0238461486028263,codellama/CodeLlama-34b-Instruct-hf,24,4,5.290598880189161
172,0.8559345927399894,6.112281165163343,6.1486631505734595,1.828680401861978,1.9037681995541789,1.049585422151722,2.134515358193312,2.672594739124179,0.8684888366339026,7.545868339481602,7.560975183004087,1.7771299789653037,1.8533590690324175,1.0544291365326606,1.624174459331529,2.119117546408925,codellama/CodeLlama-34b-Instruct-hf,32,4,5.303407466271892
173,0.9844959946349263,6.182313392249246,6.214955614026015,2.110372813573728,2.212392018797497,1.0871339434136946,2.16355350955079,3.204350033774972,1.0356192030718705,7.667573316938661,7.698305042926664,2.110658003768114,2.236695980651825,1.0565401057749682,1.6503702670326814,2.491786204064496,codellama/CodeLlama-34b-Instruct-hf,40,4,5.239299294771627
174,1.1217296511555712,6.125000735563743,6.1566398977043315,2.3491708755803606,2.4761516574977174,1.2021526749271692,2.3153883375925943,3.3404988223790295,1.188865579208785,7.455859025398745,7.470785670094238,2.31405125773896,2.447335295916136,1.08004156409251,1.6569849708938305,2.6724611521530237,codellama/CodeLlama-34b-Instruct-hf,48,4,5.1437517120373535
175,1.3019982725381851,6.180863094327616,6.211463288526007,2.717847928925905,2.8207455553846166,1.1640541779343039,2.204959020240321,3.747445569994549,1.3730020305046284,7.530791679462657,7.560975183004087,2.667121569431439,2.759362951279105,1.1018598583175088,1.6372199718286593,3.356839491127373,codellama/CodeLlama-34b-Instruct-hf,56,4,5.639913386576588
176,1.4282601575056713,6.207496632365898,6.236482867583011,2.838210787255472,2.9458890385285486,1.109167854641176,2.2034865663348078,4.2313885981760295,1.5480555285283155,7.2790485622339025,7.308223076336531,2.798265729602692,2.8777244270465556,1.097461220558395,1.6503702670326814,3.962994629313254,codellama/CodeLlama-34b-Instruct-hf,64,4,5.618516956019448
177,1.434461092382359,5.972474540612893,6.001759065838996,2.825381937630785,2.953953285517249,1.07833068977925,2.2280063676589634,4.031253367429599,1.5888327932091992,7.021663457091203,7.0498063685996755,2.7870950192756454,2.871974727891617,1.0952684908469894,1.6938425998786681,3.431508330434275,codellama/CodeLlama-34b-Instruct-hf,64,4,5.532018141821027
178,1.8125746816520374,5.675781922051645,5.703483096660111,3.3082012087106705,3.4122140140995323,1.0946754586430754,2.326473083609862,4.578400557837545,1.9289961132160778,6.494788744105482,6.520819935433368,3.3234383690351623,3.4246521699339074,1.0952684908469894,1.8312516625620425,3.955076558125815,codellama/CodeLlama-34b-Instruct-hf,80,4,5.4173255783671905
179,2.3901741178287352,5.894022246912947,5.922751116105532,3.306065923711575,3.3919753113626196,1.1574393557223481,2.425266459590681,6.356020003660327,2.4229838947736235,6.455936671464263,6.481812143218157,3.0556730286378344,3.1236427838057135,1.0996583401190723,1.9289961132160778,5.912094052908851,codellama/CodeLlama-34b-Instruct-hf,96,4,5.820493320982813
180,2.255804599083142,6.03927676054685,6.071861536941251,3.119766843458223,3.2171077331257236,1.1434039627464394,2.524900471913222,8.427973165113247,2.28644858073864,6.814141871873477,6.84145303437481,3.0313251576320135,3.1361623816169613,1.1062761258696154,1.9997051226201907,7.426095146818188,codellama/CodeLlama-34b-Instruct-hf,112,4,6.145848806267632
181,2.703610050504084,5.917181599546563,5.94679524081868,4.1801365854387935,4.286656518430485,1.128227168742519,2.6211780538274483,8.067142230446462,2.906646048049391,6.391699006972676,6.4173170133954045,3.6876888540052732,3.7848261088965587,1.112933737706719,2.060605230780113,7.667573316938661,codellama/CodeLlama-34b-Instruct-hf,128,4,6.315454056897721
182,0.19652784491578737,6.163675522354121,6.199172106183444,0.8494412759318948,0.9629632210514197,1.2903900739426415,2.401437702549932,1.2737748911604285,0.17187271812714278,6.3789283795861165,6.430164494903704,0.767205498602922,0.8547035867360331,0.6577037745562817,1.5920136396420506,0.4681339748428926,codellama/CodeLlama-34b-Instruct-hf,8,8,5.519625522235098
183,0.44126030600940186,6.920802933260954,6.959932669512152,1.283707024413161,1.4413270400837064,1.121192265903422,2.5037394273870937,2.0910437451675534,0.4408719656554126,7.885299382720762,7.9169037573966206,1.2373841204054425,1.400738520718541,1.0376925147897322,1.7914040436856407,1.3297614895677048,codellama/CodeLlama-34b-Instruct-hf,16,8,5.117106156831142
184,0.5439931345689628,6.865759764979076,6.90146689723608,1.5458450183763892,1.6985867599335809,1.1893981362744752,3.128265161649324,2.20004857207338,0.6083525788507955,7.7137170650346265,7.7446337357194635,1.5234837304620876,1.680345913309295,0.9075555230108427,2.4571442451893977,1.624174459331529,codellama/CodeLlama-34b-Instruct-hf,24,8,4.804506784744768
185,0.7549260238495966,6.918647968025955,6.951428429601947,1.891929128760239,2.0150123515729015,1.222464014669337,3.465865111744885,2.528660212798665,0.8097736050400285,7.6522534901315895,7.698305042926664,1.809407959671299,1.9251419751277339,1.0650263290833186,2.781526397858511,2.007719964780149,codellama/CodeLlama-34b-Instruct-hf,32,8,4.84213231660154
186,0.853459684488674,6.949564845611651,6.983087931682046,1.7584324736769001,1.8784847013497104,1.1526933715989192,3.0773560031472393,2.6360735995694995,0.7718225704980374,7.82246862484404,7.853821173087354,1.6209293555166808,1.707447693024871,0.7610923378229978,2.3702603173667263,1.8645126544600101,codellama/CodeLlama-34b-Instruct-hf,40,8,4.65802521406052
187,1.1201380855507321,6.363362133722855,6.391413496102258,2.4279882677041718,2.586566813988611,1.2985075106068205,3.137895053239643,3.2966101296349533,1.174684444512675,6.9102108035028165,6.937907011436486,2.3797603491998274,2.4967747650335936,1.08004156409251,2.4719314327908513,2.531975453352976,codellama/CodeLlama-34b-Instruct-hf,48,8,4.993317382791752
188,1.1914141886379748,6.422708723610932,6.451541646605446,2.7243249773857228,2.8341457253277658,1.1871733773399942,3.420330573655,3.3157656324051676,1.1817537402154101,6.814141871873477,6.84145303437481,2.656474388163431,2.770422511144392,1.0714356980731432,2.759362951279105,2.360798209774551,codellama/CodeLlama-34b-Instruct-hf,56,8,4.9798665256405785
189,1.496810824998344,6.4667218769803485,6.49400759175478,2.812793901587914,2.9289027946409383,1.1444210813351674,3.406991141673643,4.375057066984785,1.5952008541358285,6.9240450593656835,6.951796715163086,2.906646048049391,3.013191655548461,1.0650263290833186,2.8433980924029085,3.923562160821885,codellama/CodeLlama-34b-Instruct-hf,64,8,5.8734677647104645
190,1.4108553344461445,6.198785561840244,6.225502118468285,2.8426655620326833,2.9943572814469612,1.1205717746634036,3.4579522337783906,3.953700802715806,1.5698807331578923,6.599541183735776,6.62599222410041,2.9299924854513,3.0313251576320135,1.073580714485702,2.883485637110713,3.2706864780438107,codellama/CodeLlama-34b-Instruct-hf,64,8,5.801085805311838
191,1.804349646435981,5.747310104741255,5.7726202173259,3.4024064855155425,3.563282799257808,1.1898079308337257,3.928194883766418,4.366053631567856,1.9837712966123267,6.007448390019206,6.031526315352022,3.4729345041373763,3.6074455848832288,1.1018598583175088,3.3434389476503608,3.2511211074615987,codellama/CodeLlama-34b-Instruct-hf,80,8,5.374288506210778
192,2.1837649441559424,5.60360663017793,5.6301716587805934,3.545215731215982,3.7315165205894094,1.2529293908238102,4.471102929239042,5.857715721541829,2.356081330234542,5.590116197741286,5.623757729813228,3.212340788521787,3.356839491127373,1.1286243935759568,3.9392878451080606,5.512399829012181,codellama/CodeLlama-34b-Instruct-hf,96,8,6.30047917084053
193,2.5924847790147854,5.479328832464729,5.505588910202509,4.077878830752692,4.329984263898335,1.2538739875959404,4.794486295722027,6.180019231198096,2.753849738589236,5.254054440846848,5.285673540473237,3.9000912631390414,4.116486349339613,1.1263693997825983,4.34488803491757,5.139727413494517,codellama/CodeLlama-34b-Instruct-hf,112,8,5.980331811346445
194,2.8968503722896823,5.716426490031957,5.743078341973679,4.564275192217781,4.828516558090878,1.167365260325469,5.073280468002542,7.375733566458349,3.1049570341804045,5.657601717905779,5.6802774535730025,4.108261601388884,4.327543189812955,1.1151618332777034,4.898847775788485,6.9240450593656835,codellama/CodeLlama-34b-Instruct-hf,128,8,6.088224171007705
195,0.24460690716902414,4.662716043336938,4.699528401639934,0.9835132514126599,1.0583093486881505,1.0865222817907731,2.4438525239626565,1.2786530035858352,0.24244001201658402,4.889059868144551,4.918482416538498,0.9408227502341979,1.0460273525850758,0.6603398591876849,1.7006315413722282,0.6059240280655137,meta-llama/Llama-2-70b-hf,8,4,4.625285277143121
196,0.4175017432620128,5.2441640582401305,5.282787164712015,1.1638351473569248,1.2888199659452464,1.0206805988370131,2.393886932016661,1.6264731142049034,0.4364852148468585,5.360193416860125,5.381677136483093,1.0502198427833225,1.1376896042412084,0.7312494706500897,1.7006315413722282,1.08004156409251,meta-llama/Llama-2-70b-hf,16,4,5.0457276035255445
197,0.5877700519480117,5.7724967362895,5.810671505097249,1.2341946497406453,1.3101348583267567,0.9768976708746528,2.268950129565719,1.9454004702298608,0.6446803629510409,7.0357208413896855,7.0498063685996755,1.2008138809231648,1.262380946181339,0.7196425780046226,1.680345913309295,1.3620618297645117,meta-llama/Llama-2-70b-hf,24,4,4.983723083868214
198,0.6978067847871289,5.822104557906997,5.859730345168218,1.5439979621622058,1.631652163437654,0.9415167139017397,2.3283577312897776,2.210007250769851,0.7385986524723295,6.979659599930388,7.007634159474639,1.452083794332939,1.5480555285283155,0.8211901687923834,1.7006315413722282,1.624174459331529,meta-llama/Llama-2-70b-hf,32,4,5.049586332086282
199,1.079378092325613,6.019077914553221,6.0508461386637125,2.1831026819885753,2.2913548679350586,1.1060819312258334,2.4236396859690057,2.9330328717583516,1.0460273525850758,7.381671963947672,7.396450085997618,2.1836543055140853,2.2636980296906466,1.0650263290833186,1.8349178320566613,2.491786204064496,meta-llama/Llama-2-70b-hf,40,4,5.354450248395566
200,1.1334029562158945,6.030203592772149,6.061249589611304,2.2864554871562612,2.3916653478645706,1.0256688477318376,2.3642765271974957,3.119919034461044,1.2299820416581217,7.35220424100549,7.381671963947672,2.2956126941242516,2.3797603491998274,1.0628984043498855,1.7700356547921128,2.61430900647579,meta-llama/Llama-2-70b-hf,48,4,5.223530660421677
201,1.2406024929375676,5.88504445864356,5.913828720191591,2.533907803287457,2.6529520458667077,1.0673671004999625,2.4457731684506463,3.6329039813656556,1.3324236747320042,7.163510515898116,7.19222195212272,2.5728129026177378,2.7047238859840874,1.0544291365326606,1.8385913412299477,3.218771901211521,meta-llama/Llama-2-70b-hf,56,4,5.228217849126685
202,1.4227345394782531,5.938314118733008,5.9676637801413355,2.850881308460465,2.9607071517369685,1.0129027211895356,2.430912639754705,3.6008162901569634,1.5730236375285789,7.163510515898116,7.177851878292304,2.8377169773331725,2.9417359305398376,1.0714356980731432,1.8459604374181477,3.3167981325335942,meta-llama/Llama-2-70b-hf,64,4,4.780044760077428
203,1.4440830796957016,5.842294917704585,5.870721043827824,3.0593123418302874,3.1511645059650526,1.0862064523956714,2.474433156207968,3.6233594497809043,1.5793283351692768,7.092232371684557,7.120658124250674,2.977249428370039,3.0556730286378344,1.08004156409251,1.8057927589526754,3.3167981325335942,meta-llama/Llama-2-70b-hf,64,4,4.590522630426746
204,1.844814516695552,5.764807743348609,5.792824320540931,3.1428777900921396,3.248882117360586,1.121848266281676,2.5937665219525576,4.591051794466425,1.9957097077897805,6.732860804094767,6.75984619109977,3.098753323822401,3.193124444067587,1.0865412953381914,1.9917222758061846,4.37978655879996,meta-llama/Llama-2-70b-hf,80,4,5.376416636386611
205,2.35755971407219,5.435746414237259,5.462123118436327,3.687834125584303,3.7952878912942607,1.1367166427571211,2.7084518589537097,5.91771507400498,2.4522348660781303,6.3789283795861165,6.391699006972676,3.680320844306961,3.769717037712412,1.1062761258696154,2.0730060314981573,4.622797356749544,meta-llama/Llama-2-70b-hf,96,4,5.338538629590905
206,2.572587606829335,5.264793151624675,5.291807926151009,4.065028483004511,4.184294885503705,1.0375665563392884,2.6998632854362676,5.871438636439063,2.7926747890840047,5.995445496133053,6.007448390019206,3.650995724656587,3.76218513553916,1.0865412953381914,2.114883545317199,5.098773614152761,meta-llama/Llama-2-70b-hf,112,4,5.484175547679658
207,2.8071152189236774,5.67362395227146,5.702857970786483,3.9219283111765026,4.067121140296806,1.0837844907618164,2.871614743305175,7.037325526404259,3.019224071275285,6.141076822258666,6.165690331953579,3.769717037712412,3.9078992536558363,1.0843703836591938,2.23222705761356,6.520819935433368,meta-llama/Llama-2-70b-hf,128,4,6.138532324825102
208,0.17913578388591608,5.92181873798836,5.954758749188234,0.8174636798988407,0.9055172461861124,1.3708455371670425,2.6213676756015047,1.1692709134270747,0.17118660017665313,6.340769388040514,6.3789283795861165,0.7858411703381528,0.8512915997749979,0.726875108577369,1.7735792697166217,0.43127869214752745,meta-llama/Llama-2-70b-hf,8,8,5.006099085827979
209,0.4311041945281128,6.672921772405971,6.710040647400699,1.0950121771505412,1.225952725993314,1.081067995983176,2.7040631151370085,1.6542169614695013,0.4533908310940673,7.636964272369089,7.667573316938661,1.077883638889528,1.2201814367474848,0.7385986524723295,2.0198024999542694,1.075730025225413,meta-llama/Llama-2-70b-hf,16,8,5.097856555948965
210,0.6238111639267778,7.010859030630592,7.045495012864368,1.5531627410282827,1.672914648773021,1.0892479036207476,3.167336886391452,2.0998693262673402,0.6382656840334778,7.948634802785942,7.964547985574301,1.5295898715599905,1.6569849708938305,0.9314614043519295,2.577963679199555,1.6209293555166808,meta-llama/Llama-2-70b-hf,24,8,4.899568383722273
211,0.833436462682547,6.883376995677647,6.914776712704027,1.9673338392749429,2.054363010287976,1.0656669121427633,3.4786578347023154,3.744739146192664,0.8461991411321617,7.621705602494227,7.6522534901315895,1.8719856435831073,1.9679644327292167,1.0418515988579433,2.906646048049391,1.9679644327292167,meta-llama/Llama-2-70b-hf,32,8,4.970384839701361
212,0.9732311591506004,6.690911297900144,6.724526521703992,2.225307219081604,2.3960001837294245,1.147856759327296,3.04106370828374,3.7101218171539854,1.0151125621346255,7.366923368615111,7.4112577938774935,2.1792913598487225,2.2910260553747532,1.0544291365326606,2.4229838947736235,2.516829080142804,meta-llama/Llama-2-70b-hf,40,8,5.063543085688267
213,1.016669721687085,6.672035539937397,6.701723900496041,2.4421660202453297,2.559072555725348,1.0883037610081574,3.10685227175358,3.4579342575616216,1.1399672611065563,7.23550501761045,7.264505008663007,2.4084895132013697,2.511800450612049,1.0650263290833186,2.5067818682931438,2.0647305665774707,meta-llama/Llama-2-70b-hf,48,8,4.760131324411765
214,1.1700195701498735,6.272333850457785,6.2998354901989915,2.6220321282199777,2.7579387026288877,1.146139089584525,3.542547253074876,3.5441085881395646,1.0908961659058087,6.814141871873477,6.84145303437481,2.6090856118574575,2.7047238859840874,1.0865412953381914,2.9124651592566972,2.486807610250181,meta-llama/Llama-2-70b-hf,56,8,5.076166963319115
215,1.320181352396806,6.48319337469263,6.513000022954284,2.7367478612667093,2.861359495168122,1.1032279533071396,3.51433143294297,3.429828130472929,1.4148161816090492,6.9240450593656835,6.951796715163086,2.7870950192756454,2.9182959203362904,1.0628984043498855,2.906646048049391,2.6353073669778864,meta-llama/Llama-2-70b-hf,64,8,5.5486507928715305
216,1.2169956205747066,6.3933605226711965,6.42269722914371,2.7229229382310924,2.8951013514485497,1.124642430565869,3.6425128549289627,3.1976727100136952,1.075730025225413,6.827783797542891,6.855149637046233,2.4818389636762546,2.6458697105706404,1.077883638889528,3.019224071275285,2.432695243338499,meta-llama/Llama-2-70b-hf,64,8,5.138791291019283
217,1.622690170331568,5.791782568014211,5.818019942170559,3.4277667625440804,3.628035419483165,1.1970808841173584,4.035417448068953,3.797408521602877,1.633948803053777,6.165690331953579,6.190402492891106,3.3770410789667724,3.4868540673608095,1.1422494778455083,3.4452618570557285,3.013191655548461,meta-llama/Llama-2-70b-hf,80,8,4.912967938685514
218,2.237016176200971,5.4937106229002515,5.519840117375471,3.737762929162856,3.9501530146099144,1.2268539805778973,4.52805439537906,5.031281433770681,2.4133113140285993,5.512399829012181,5.534493593763969,3.76218513553916,4.026912544432371,1.1491235786841678,3.947174307260429,4.241852065053311,meta-llama/Llama-2-70b-hf,96,8,5.725529961090904
219,2.559925666438383,5.437755927291007,5.4637483547153005,4.245341871184302,4.4701513909184705,1.230859285157871,4.8484080127298785,5.478259625338149,2.8094812122709563,5.264573068356051,5.285673540473237,4.0918613718426515,4.2759229949387665,1.1422494778455083,4.336206939942711,4.697357026065271,meta-llama/Llama-2-70b-hf,112,8,5.908715678583177
220,2.9303837315086514,5.409249282904121,5.435359238496865,4.683870192476646,4.9607518767399705,1.1948809582058846,5.164654052797276,6.4803403337745715,3.1236427838057135,5.201775708330236,5.2330801925542945,4.191254018859116,4.459336545415816,1.1491235786841678,4.889059868144551,5.983466584052867,meta-llama/Llama-2-70b-hf,128,8,5.703020756623571
